15970,Men,Apparel,Topwear,Shirts,Navy,Fall,2011,Casual,Turtle Check Men Navy Shirt
39386,Men,Apparel,Bottomwear,Jeans,Blue,Summer,2012,Casual,Peter England Men Party Blue Jeans
21379,Men,Apparel,Bottomwear,Track Pants,Black,Fall,2011,Casual,Manchester United Men Solid Black Track Pants
53759,Men,Apparel,Topwear,Tshirts,Grey,Summer,2012,Casual,Puma Men Grey T-shirt
1855,Men,Apparel,Topwear,Tshirts,Grey,Summer,2011,Casual,Inkfruit Mens Chain Reaction T-shirt
30805,Men,Apparel,Topwear,Shirts,Green,Summer,2012,Ethnic,Fabindia Men Striped Green Shirt
12369,Men,Apparel,Topwear,Shirts,Purple,Fall,2011,Formal,Reid & Taylor Men Check Purple Shirts
13089,Men,Apparel,Topwear,Sweatshirts,Grey,Fall,2011,Sports,ADIDAS Men Lfc Auth Hood Grey Sweatshirts
7990,Men,Apparel,Topwear,Tshirts,Navy,Fall,2011,Sports,Fila Men's Round Neck Navy T-shirt
37812,Men,Apparel,Topwear,Shirts,Navy,Summer,2012,Formal,John Players Men Navy Shirt
56825,Men,Apparel,Topwear,Shirts,Brown,Summer,2012,Casual,John Players Men Brown Shirt
18005,Men,Apparel,Bottomwear,Shorts,Black,Summer,2011,Sports,Puma Men Long Logo Black Bermuda
9452,Men,Apparel,Topwear,Shirts,Red,Fall,2011,Formal,John Miller Men Stripes White Red Shirts
5891,Men,Apparel,Topwear,Tshirts,Black,Summer,2011,Casual,Puma Men's Stripe Polo Black T-shirt
4943,Men,Apparel,Topwear,Shirts,White,Summer,2011,Casual,Gini and Jony Boy's Kaleb White Brown Kidswear
10866,Men,Apparel,Topwear,Tshirts,Red,Fall,2011,Casual,Wrangler Men Motor Rider Red T-Shirts
15528,Men,Apparel,Topwear,Tshirts,Black,Fall,2011,Casual,Puma Men Scribble Black Tshirts
54924,Men,Apparel,Bottomwear,Shorts,Blue,Summer,2012,Casual,Do U Speak Green Men Blue Shorts
9660,Men,Apparel,Topwear,Shirts,Pink,Fall,2011,Casual,Indigo Nation Men Reversible Bling Pink Shirts
23876,Men,Apparel,Topwear,Sweatshirts,Blue,Fall,2011,Casual,ADIDAS Men Blue Sweatshirt
18237,Men,Apparel,Topwear,Tshirts,Red,Fall,2011,Casual,Manchester United Men Solid Red Tshirt
13419,Men,Apparel,Topwear,Tshirts,Pink,Summer,2011,Casual,United Colors of Benetton Men Solid Pink Polo T-shirts
5865,Men,Apparel,Topwear,Tshirts,Black,Summer,2011,Casual,ADIDAS Men's Twelve Faster T-shirt
29584,Men,Apparel,Topwear,Tshirts,Black,Summer,2012,Casual,Indigo Nation Men Printed Black T-shirt
9694,Men,Apparel,Topwear,Tshirts,White,Fall,2011,Casual,Classic Polo Men Vulcan White Polo Tshirts
15984,Men,Apparel,Topwear,Shirts,Yellow,Fall,2011,Casual,Turtle Check Men Yellow Shirt
59297,Men,Apparel,Topwear,Shirts,White,Fall,2012,Casual,U.S. Polo Assn. Men White & Navy Shirt
7158,Men,Apparel,Topwear,Shirts,Green,Fall,2011,Casual,Scullers Men Green Check Shirt
19547,Men,Apparel,Topwear,Sweatshirts,Blue,Fall,2011,Casual,United Colors of Benetton Men Solid Blue Sweatshirt
7964,Men,Apparel,Topwear,Tshirts,Black,Fall,2011,Sports,Puma Men's Large Logo Graphic Black T-shirt
16392,Men,Apparel,Topwear,Shirts,Red,Fall,2011,Casual,Levis Men Check Red Shirts
17240,Men,Apparel,Topwear,Tshirts,Black,Fall,2011,Casual,U.S. Polo Assn. Men Stripes Black Polo Tshirt
6617,Men,Apparel,Topwear,Shirts,Black,Summer,2011,Casual,Spykar Men Black and white Check Shirt
3365,Men,Apparel,Topwear,Tshirts,Black,Summer,2011,Casual,Myntra Men's Brain Black T-shirt
10065,Men,Apparel,Topwear,Tshirts,Yellow,Fall,2011,Casual,Puma Men ducati logo tee Yellow Tshirts
5092,Men,Apparel,Topwear,Tshirts,Purple,Summer,2011,Casual,Wrangler Men's Minstrel Shoulder Loop Purple T-shirt
10859,Men,Apparel,Topwear,Tshirts,Navy,Fall,2011,Casual,Wrangler Men Furious Rides Navy T-Shirts
10257,Men,Apparel,Bottomwear,Trousers,Black,Fall,2011,Formal,John Miller Men Solid Type Black Trousers
24062,Men,Apparel,Topwear,Tshirts,Navy,Summer,2012,Casual,Locomotive Men Navy Printed T-shirt
22395,Men,Apparel,Topwear,Shirts,Blue,Fall,2011,Casual,Mark Taylor Men Striped Blue Shirt
12500,Men,Apparel,Topwear,Shirts,Black,Fall,2011,Casual,United Colors of Benetton Men Short Black Shirts
30650,Men,Apparel,Topwear,Tshirts,Black,Summer,2012,Casual,Nike Men Printed Black T-shirt
14293,Men,Apparel,Topwear,Tshirts,Blue,Fall,2011,Casual,Classic Polo Men Stripes Blue Tshirts
6041,Men,Apparel,Topwear,Tshirts,Navy,Summer,2011,Casual,UCB Men's Polo Neck With Lion Logo Navy T-shirt
3533,Men,Apparel,Topwear,Tshirts,Navy,Summer,2011,Casual,Myntra Men's If You Don't Like Navy T-shirt
17624,Men,Apparel,Bottomwear,Track Pants,Navy,Fall,2011,Sports,ADIDAS Men Solid Navy Track Pant
13284,Men,Apparel,Bottomwear,Shorts,Black,Fall,2011,Casual,Gini and Jony Kids Boys Solid Black Shorts
26163,Men,Apparel,Bottomwear,Trousers,Grey,Summer,2012,Formal,John Miller Men Dark Grey Trousers
53766,Men,Apparel,Topwear,Tshirts,White,Summer,2012,Casual,Puma Men White and Navy T-shirt
16530,Men,Apparel,Topwear,Shirts,Red,Fall,2011,Casual,Locomotive Men Check Red Shirt
7167,Men,Apparel,Topwear,Shirts,Purple,Fall,2011,Casual,Scullers Men Scul Purple White Shirt
12190,Men,Apparel,Topwear,Shirts,Blue,Fall,2011,Casual,Basics Men Blue Slim Fit Checked Shirt
6287,Men,Apparel,Topwear,Tshirts,Yellow,Summer,2011,Casual,Classic Polo Men's Swiss Yellow T-shirt
7355,Men,Apparel,Topwear,Tshirts,Navy,Fall,2011,Casual,Tantra Men's Black Sabbath Navy T-shirt
43500,Men,Apparel,Topwear,Tshirts,White,Summer,2012,Casual,French Connection Men White T-shirt
11527,Men,Apparel,Topwear,Tshirts,Olive,Fall,2011,Casual,United Colors of Benetton Men Olive Tshirts
15187,Men,Apparel,Topwear,Tshirts,White,Fall,2011,Casual,Arrow Sport Men Solid White Polo Tshirts
14055,Men,Apparel,Topwear,Shirts,Green,Fall,2011,Casual,Flying Machine Men Check Green Shirts
20260,Men,Apparel,Topwear,Tshirts,Navy,Fall,2011,Casual,Wrangler Men Applique Navy Tshirt
8779,Men,Apparel,Topwear,Shirts,Navy,Fall,2011,Casual,Indigo Nation Men Club Satin Hot Stepper Navy Shirt
2243,Men,Apparel,Topwear,Tshirts,White,Fall,2010,Sports,ADIDAS Men Stripe Polo White Polo T-shirt
11143,Men,Apparel,Topwear,Shirts,Black,Fall,2011,Casual,Scullers Men Price Catch Black Shirts
44341,Men,Apparel,Topwear,Tshirts,Blue,Summer,2012,Casual,Indian Terrain Men Blue T-shirt
11371,Men,Apparel,Topwear,Shirts,Black,Fall,2011,Casual,United Colors Of Benetton Men Summer Black Shirts
4386,Men,Apparel,Topwear,Tshirts,Grey,Summer,2011,Casual,Wrangler Cowboy Photo T-shirt
29789,Men,Apparel,Topwear,Tshirts,Pink,Summer,2013,Casual,Basics Men Pack of 3 T-shirt
7503,Men,Apparel,Topwear,Tshirts,Blue,Summer,2011,Sports,Nike Men's As Icon Blue T-shirt
34204,Men,Apparel,Bottomwear,Track Pants,Navy,Fall,2013,Casual,Proline Men Navy Track Pants
13426,Men,Apparel,Topwear,Tshirts,Red,Summer,2011,Casual,United Colors of Benetton Men Stripes Red Polo T-shirts
13846,Men,Apparel,Topwear,Shirts,Blue,Fall,2011,Casual,John Miller Men Stripes Blue Shirts
16508,Men,Apparel,Bottomwear,Jeans,Blue,Fall,2011,Casual,Locomotive Men Washed Blue Jeans
19540,Men,Apparel,Topwear,Sweaters,Blue,Summer,2011,Casual,United Colors of Benetton Men Solid Blue Sweater
7963,Men,Apparel,Topwear,Tshirts,White,Fall,2011,Sports,Puma Men's Large Logo Graphic White French T-shirt
15983,Men,Apparel,Topwear,Shirts,Brown,Fall,2011,Casual,Turtle Solid Men Burgundy Shirt
20258,Men,Apparel,Topwear,Tshirts,Brown,Fall,2011,Casual,Wrangler Men Polo Charcoal T-shirt
13248,Men,Apparel,Bottomwear,Trousers,Brown,Fall,2011,Casual,Palm Tree Kids Boy Solid Brown Trousers
5862,Men,Apparel,Topwear,Tshirts,Black,Summer,2011,Casual,ADIDAS Men's Stripe Black T-shirt
58726,Men,Apparel,Topwear,Tshirts,Grey,Summer,2012,Casual,Puma Men Grey T-shirt
43960,Men,Apparel,Topwear,Shirts,Grey,Summer,2012,Formal,Indigo Nation Men Grey Striped Shirt
8741,Men,Apparel,Topwear,Shirts,Navy,Fall,2011,Casual,Indigo Nation Men Checks Shirt Navy Shirts
22359,Men,Apparel,Topwear,Shirts,Blue,Summer,2011,Casual,John Players Men Check Blue Shirt
2049,Men,Apparel,Topwear,Tshirts,White,Summer,2010,Sports,ADIDAS Men's Slim Fit White T-shirt
11349,Men,Apparel,Bottomwear,Jeans,Blue,Summer,2017,Casual,Lee Men Blue Chicago Fit Jeans
24892,Men,Apparel,Topwear,Tshirts,Black,Fall,2011,Casual,United Colors of Benetton Men Black T-shirt
38637,Men,Apparel,Topwear,Tshirts,Red,Summer,2012,Casual,Nike Men Red Delhi T-shirt
4944,Men,Apparel,Topwear,Shirts,White,Summer,2011,Casual,Gini and Jony Boy's Kaleb White Brown Infant Kidswear
10861,Men,Apparel,Topwear,Tshirts,White,Fall,2011,Casual,Wrangler Men Dirt Riders White T-Shirts
17278,Men,Apparel,Topwear,Tshirts,Grey,Fall,2011,Casual,U.S. Polo Assn. Men Printed Steeple Grey Tshirt
31588,Men,Apparel,Topwear,Tshirts,Maroon,Summer,2012,Casual,Mark Taylor Men Printed Maroon T-shirt
18230,Men,Apparel,Topwear,Tshirts,White,Fall,2011,Casual,Manchester United Men Printed White Tshirt
23871,Men,Apparel,Topwear,Tshirts,Grey,Fall,2011,Casual,ADIDAS Men Grey Striped T-shirt
9667,Men,Apparel,Topwear,Shirts,Purple,Fall,2011,Casual,Indigo Nation Men Bling Red Black Shirts
16198,Men,Apparel,Bottomwear,Tracksuits,Black,Fall,2011,Sports,Puma Men Poly Knitted Black Tracksuit
12538,Men,Apparel,Bottomwear,Track Pants,Blue,Fall,2011,Casual,Puma Men Solid Blue Track Pants
8587,Men,Apparel,Topwear,Shirts,Red,Fall,2011,Casual,Scullers Men Red Check Shirt
9455,Men,Apparel,Topwear,Shirts,Red,Fall,2011,Formal,John Miller Men Red Striped Shirt
6079,Men,Apparel,Topwear,Tshirts,Grey,Summer,2011,Casual,UCB Men's Johny Collar With Two Tone Grey T-shirt
29321,Men,Apparel,Topwear,Tshirts,Black,Summer,2012,Sports,ADIDAS Men Black Jersey
33489,Men,Apparel,Topwear,Shirts,Green,Summer,2012,Casual,Doodle Kids Boy Check Green Shirt